<?xml version="1.0"?>
<!DOCTYPE hibernate-mapping PUBLIC "-//Hibernate/Hibernate Mapping DTD 3.0//EN"
"http://www.hibernate.org/dtd/hibernate-mapping-3.0.dtd">
<!-- Generated 26/02/2018 10:52:42 PM by Hibernate Tools 4.3.1 -->
<hibernate-mapping>
    <class name="modelo.Tener" table="tener" schema="public" optimistic-lock="version">
        <id name="idTener" type="int">
            <column name="id_tener" />
            <generator class="assigned" />
        </id>
        <many-to-one name="empresa" class="modelo.Empresa" fetch="select">
            <column name="fk_empresa" />
        </many-to-one>
        <many-to-one name="vacante" class="modelo.Vacante" fetch="select">
            <column name="fk_vacante" />
        </many-to-one>
    </class>
</hibernate-mapping>
